seed,trial,original_action,q_margin,saliency_values,changed,faithful_top_salient,faithful_least_salient,faithful_random
0,0,3,0.1512908935546875,"[1.23299241065979, 1.6583901643753052, 2.4007303714752197]","[False, False, True]",True,False,False
0,1,0,1.5932426452636719,"[1.1929279565811157, 1.0253418684005737, 1.7325488328933716]","[False, False, False]",False,False,False
0,2,0,0.007518768310546875,"[1.151510238647461, 0.9254706501960754, 0.8748918771743774]","[False, False, False]",False,False,False
0,3,3,0.17327499389648438,"[1.000083327293396, 1.0530900955200195, 1.0684199333190918]","[True, False, False]",False,True,False
0,4,0,0.07478046417236328,"[0.9967231154441833, 1.0366407632827759, 1.1177635192871094]","[False, False, False]",False,False,False
0,5,0,2.234243392944336,"[0.9962485432624817, 0.8269661068916321, 0.7570250034332275]","[True, True, False]",True,False,True
0,6,3,1.9149799346923828,"[1.2995089292526245, 1.5435981750488281, 1.069815754890442]","[False, False, True]",False,True,False
0,7,3,0.03523540496826172,"[1.1281150579452515, 1.0278953313827515, 1.2206261157989502]","[False, True, True]",True,True,True
0,8,3,1.3760480880737305,"[1.09702467918396, 1.464548110961914, 0.9665345549583435]","[False, False, False]",False,False,False
0,9,0,1.4307575225830078,"[0.9868114590644836, 1.3063350915908813, 1.5640490055084229]","[False, False, True]",True,False,False
0,10,3,0.045307159423828125,"[0.9741805195808411, 1.0902055501937866, 0.9924108386039734]","[False, False, False]",False,False,False
0,11,0,0.042885780334472656,"[1.001207709312439, 0.8995305299758911, 1.14944326877594]","[False, False, False]",False,False,False
0,12,3,0.03582477569580078,"[1.185739517211914, 1.1876922845840454, 1.2351288795471191]","[True, False, True]",True,True,True
0,13,3,0.11319351196289062,"[1.2105170488357544, 0.9621415138244629, 1.0080171823501587]","[False, True, False]",False,True,True
0,14,0,0.0653238296508789,"[0.9349732398986816, 1.1891038417816162, 0.8408180475234985]","[False, False, False]",False,False,False
0,15,3,0.026612281799316406,"[0.9085071682929993, 1.2954542636871338, 0.9959369897842407]","[True, True, True]",True,True,True
0,16,0,0.19897079467773438,"[1.14621102809906, 0.9507892727851868, 0.8984746932983398]","[True, False, False]",True,False,False
0,17,3,0.11788558959960938,"[0.9989005327224731, 0.9984155893325806, 1.0394673347473145]","[False, False, True]",True,False,False
0,18,3,0.24761009216308594,"[1.1393005847930908, 1.058205246925354, 0.8594315648078918]","[False, False, False]",False,False,False
0,19,3,1.6024341583251953,"[1.4501450061798096, 1.0273200273513794, 1.1119234561920166]","[True, False, False]",True,False,False
0,20,3,0.04018688201904297,"[0.9176257848739624, 1.0853683948516846, 1.1259886026382446]","[False, True, False]",False,False,False
0,21,3,0.11890506744384766,"[1.0584261417388916, 1.07730233669281, 0.9406999349594116]","[False, False, False]",False,False,False
0,22,3,0.10072803497314453,"[0.6234206557273865, 1.0222864151000977, 1.1717337369918823]","[False, False, False]",False,False,False
0,23,0,1.764714241027832,"[0.6708544492721558, 1.0639171600341797, 1.0156059265136719]","[False, True, True]",True,False,True
0,24,0,1.1578731536865234,"[1.0837254524230957, 0.9477620124816895, 1.5990204811096191]","[False, False, True]",True,False,False
0,25,0,0.1298360824584961,"[0.969016432762146, 0.9475558400154114, 1.1552467346191406]","[False, False, False]",False,False,False
0,26,3,0.07712459564208984,"[1.0760345458984375, 1.3905227184295654, 1.0370458364486694]","[False, True, False]",True,False,False
0,27,3,0.29088878631591797,"[0.8621964454650879, 1.1084282398223877, 1.1701550483703613]","[True, False, False]",False,True,False
0,28,3,0.39080142974853516,"[0.8996104001998901, 0.5619322061538696, 1.2699426412582397]","[False, False, False]",False,False,False
0,29,0,1.2201147079467773,"[1.7588565349578857, 1.0306843519210815, 0.8826876282691956]","[False, False, False]",False,False,False
0,30,0,0.03986549377441406,"[1.2367290258407593, 0.7779625058174133, 0.8675382137298584]","[True, False, True]",True,False,False
0,31,3,0.17022037506103516,"[1.0019266605377197, 1.1485439538955688, 1.0704492330551147]","[False, False, False]",False,False,False
0,32,3,0.05543804168701172,"[0.8269433379173279, 1.0873106718063354, 1.0967646837234497]","[True, False, False]",False,True,False
0,33,3,0.08544063568115234,"[1.101446509361267, 1.0928505659103394, 0.8547358512878418]","[False, False, True]",False,True,False
0,34,3,0.12812328338623047,"[0.9218202829360962, 0.9773025512695312, 1.1183998584747314]","[False, True, True]",True,False,False
0,35,3,0.033194541931152344,"[1.144088625907898, 1.1095614433288574, 0.9299950003623962]","[True, False, False]",True,False,True
0,36,3,1.1218900680541992,"[1.704262137413025, 1.079149842262268, 1.1261930465698242]","[False, False, False]",False,False,False
0,37,3,1.6956768035888672,"[0.8884856104850769, 1.5602716207504272, 0.9393414258956909]","[False, False, False]",False,False,False
0,38,3,0.058002471923828125,"[1.1608812808990479, 0.9516262412071228, 1.1767868995666504]","[False, False, False]",False,False,False
0,39,3,1.3011436462402344,"[0.9343973994255066, 0.9609146118164062, 1.5362086296081543]","[False, False, True]",True,False,False
0,40,3,0.13914203643798828,"[1.0600579977035522, 1.0301541090011597, 1.028582215309143]","[False, False, False]",False,False,False
0,41,3,0.18579578399658203,"[1.170211672782898, 0.9170019030570984, 1.0536975860595703]","[False, False, False]",False,False,False
0,42,3,0.006293296813964844,"[0.9861240983009338, 1.2376188039779663, 0.9858012199401855]","[True, False, True]",False,True,False
0,43,3,0.04921913146972656,"[0.9469980597496033, 1.2354656457901, 0.8864128589630127]","[False, False, True]",False,True,False
0,44,3,0.08908271789550781,"[0.8102906346321106, 0.9970752000808716, 1.099591851234436]","[False, False, False]",False,False,False
0,45,3,0.23608684539794922,"[0.9902944564819336, 1.4268600940704346, 1.1164307594299316]","[False, False, False]",False,False,False
0,46,3,0.14103412628173828,"[1.9096202850341797, 2.588292121887207, 1.3994060754776]","[False, True, True]",True,True,True
0,47,3,1.3295412063598633,"[1.490263819694519, 1.1246304512023926, 1.0483864545822144]","[True, False, False]",True,False,False
0,48,3,0.16915512084960938,"[0.8503488898277283, 0.8806313276290894, 1.2169967889785767]","[False, False, False]",False,False,False
0,49,3,1.6657466888427734,"[1.4205398559570312, 1.1464654207229614, 1.008525013923645]","[False, False, False]",False,False,False
0,50,0,0.14342403411865234,"[1.119924545288086, 0.8428336977958679, 0.7953744530677795]","[True, False, False]",True,False,False
0,51,3,0.07734394073486328,"[0.9124370813369751, 1.0660563707351685, 0.8820750117301941]","[False, False, False]",False,False,False
0,52,3,0.1758251190185547,"[0.9824881553649902, 0.7304282784461975, 0.9945287704467773]","[True, False, False]",False,False,False
0,53,3,0.2728309631347656,"[0.9392527937889099, 1.2457064390182495, 1.1227624416351318]","[False, False, False]",False,False,False
0,54,3,0.032288551330566406,"[1.015491008758545, 1.029354214668274, 1.2217470407485962]","[False, False, False]",False,False,False
0,55,3,0.00151824951171875,"[1.159386396408081, 0.835266649723053, 1.2829889059066772]","[False, False, True]",True,False,True
0,56,3,1.138620376586914,"[1.5777231454849243, 0.9870936274528503, 1.1068365573883057]","[True, False, False]",True,False,False
0,57,3,0.15430164337158203,"[0.8163654804229736, 0.9960500597953796, 1.4007922410964966]","[True, False, False]",False,True,False
0,58,3,0.05543804168701172,"[1.0967646837234497, 0.8269433379173279, 1.0873106718063354]","[False, True, False]",False,True,False
0,59,3,0.06921005249023438,"[1.1002951860427856, 0.8667418956756592, 1.0846298933029175]","[True, False, False]",True,False,False
0,60,0,1.8169145584106445,"[0.910370409488678, 1.6259093284606934, 0.7948658466339111]","[False, False, False]",False,False,False
0,61,3,0.02783679962158203,"[0.9961708784103394, 1.0049188137054443, 1.2635146379470825]","[False, False, True]",True,False,True
0,62,3,0.21979808807373047,"[0.995996356010437, 1.3856534957885742, 1.1391412019729614]","[False, False, False]",False,False,False
0,63,3,0.010516166687011719,"[1.2926281690597534, 1.0094645023345947, 1.0649030208587646]","[False, False, False]",False,False,False
0,64,0,0.050545692443847656,"[0.8167484998703003, 1.1652796268463135, 0.8387678265571594]","[False, True, False]",True,False,True
0,65,0,0.060028076171875,"[1.329642415046692, 0.9742223620414734, 0.919585108757019]","[False, True, False]",False,False,True
0,66,0,2.540825843811035,"[1.031601071357727, 2.0608389377593994, 1.0254982709884644]","[False, False, False]",False,False,False
0,67,0,0.00675201416015625,"[0.879315197467804, 0.9636704325675964, 1.0903750658035278]","[False, True, True]",True,False,False
0,68,3,0.13644027709960938,"[1.2730329036712646, 1.1261452436447144, 1.2679831981658936]","[False, False, False]",False,False,False
0,69,3,0.12842464447021484,"[1.2118288278579712, 0.791659414768219, 1.0311191082000732]","[False, False, False]",False,False,False
0,70,3,0.01783466339111328,"[1.070222020149231, 1.3819129467010498, 1.078343391418457]","[False, True, True]",True,False,True
0,71,3,0.026389122009277344,"[1.2361600399017334, 1.0201040506362915, 0.965449333190918]","[True, False, False]",True,False,False
0,72,3,1.3996410369873047,"[1.5973503589630127, 1.2453726530075073, 1.0394247770309448]","[False, False, False]",False,False,False
0,73,0,0.046166419982910156,"[0.8098506331443787, 1.1659154891967773, 1.0741231441497803]","[False, False, False]",False,False,False
0,74,0,0.055251121520996094,"[1.004123330116272, 1.0548778772354126, 0.9001073241233826]","[False, False, False]",False,False,False
0,75,0,0.010620594024658203,"[2.3224270343780518, 1.6090399026870728, 1.71223783493042]","[True, False, True]",True,False,False
0,76,3,0.010516166687011719,"[1.2926281690597534, 1.0094645023345947, 1.0649030208587646]","[False, False, False]",False,False,False
0,77,0,0.056054115295410156,"[1.1448094844818115, 0.8483079671859741, 1.2821863889694214]","[False, False, False]",False,False,False
0,78,3,0.11908340454101562,"[1.0501974821090698, 0.9018010497093201, 1.1410365104675293]","[True, False, False]",False,False,True
0,79,3,1.2282657623291016,"[0.8113712072372437, 1.108810305595398, 1.571689486503601]","[False, False, True]",True,False,False
0,80,3,0.054413795471191406,"[1.118435263633728, 1.162308692932129, 0.8642877340316772]","[True, True, True]",True,True,True
0,81,3,0.1585216522216797,"[1.0790542364120483, 0.9600500464439392, 1.1809325218200684]","[False, False, False]",False,False,False
0,82,0,1.3046817779541016,"[1.8573077917099, 0.9858434796333313, 1.052258014678955]","[False, False, False]",False,False,False
0,83,0,1.4162445068359375,"[1.069178581237793, 1.6047625541687012, 0.9541546106338501]","[False, True, False]",True,False,False
0,84,3,1.4209671020507812,"[0.7792283892631531, 1.6060638427734375, 1.0953645706176758]","[False, True, False]",True,False,False
0,85,3,0.2358083724975586,"[1.0897579193115234, 0.7203004956245422, 1.2443017959594727]","[False, False, False]",False,False,False
0,86,0,0.9676113128662109,"[0.891422688961029, 1.7366260290145874, 1.019511103630066]","[False, True, False]",True,False,False
0,87,3,0.06261157989501953,"[1.1762279272079468, 1.1756185293197632, 1.0480973720550537]","[False, False, True]",False,True,True
0,88,3,0.014235496520996094,"[0.928122341632843, 0.7420523762702942, 1.0769224166870117]","[True, True, False]",False,True,True
0,89,3,0.025747299194335938,"[1.1246566772460938, 1.1191189289093018, 1.1644738912582397]","[True, False, True]",True,False,True
0,90,3,0.22902965545654297,"[0.8951241374015808, 1.0617504119873047, 1.3614002466201782]","[True, False, False]",False,True,False
0,91,0,0.023344993591308594,"[0.9780170917510986, 0.9687194228172302, 1.1083906888961792]","[True, False, True]",True,False,False
0,92,3,1.9403009414672852,"[1.0106626749038696, 0.9632405638694763, 1.7376881837844849]","[False, False, True]",True,False,True
0,93,3,0.06842613220214844,"[0.9891749024391174, 1.234327793121338, 1.1182661056518555]","[True, True, False]",True,True,True
0,94,3,0.06367111206054688,"[1.2036150693893433, 0.9570127725601196, 0.9318057298660278]","[False, False, False]",False,False,False
0,95,3,0.16043567657470703,"[1.147978663444519, 1.1126039028167725, 1.235934853553772]","[False, False, False]",False,False,False
0,96,0,1.2050342559814453,"[1.35483980178833, 1.4590386152267456, 0.9060826301574707]","[False, True, False]",True,False,False
0,97,3,0.10526657104492188,"[0.591349720954895, 1.006582260131836, 1.0074570178985596]","[False, False, False]",False,False,False
0,98,0,1.4845457077026367,"[1.0130213499069214, 1.5535262823104858, 1.183101773262024]","[False, False, False]",False,False,False
0,99,3,0.06809043884277344,"[0.977247953414917, 1.259029746055603, 1.100429892539978]","[False, False, False]",False,False,False
1,0,3,0.18781089782714844,"[1.155564308166504, 1.004542350769043, 0.9669858813285828]","[False, False, False]",False,False,False
1,1,0,0.29929542541503906,"[0.8598055839538574, 1.1786019802093506, 0.6372839212417603]","[False, False, False]",False,False,False
1,2,3,0.2296009063720703,"[1.0852034091949463, 0.9193353056907654, 0.9400445818901062]","[False, False, False]",False,False,False
1,3,3,1.0489225387573242,"[1.3148473501205444, 0.6350799202919006, 1.640287160873413]","[False, False, True]",True,False,False
1,4,0,0.13918113708496094,"[0.8713656663894653, 1.6118533611297607, 1.042475938796997]","[False, True, False]",True,False,True
1,5,0,1.6804327964782715,"[1.65569007396698, 1.8254414796829224, 2.4148032665252686]","[False, False, True]",True,False,False
1,6,3,0.05922412872314453,"[0.9509401917457581, 0.9480732083320618, 1.3860656023025513]","[False, False, False]",False,False,False
1,7,3,0.06101226806640625,"[1.0516875982284546, 0.7242021560668945, 0.9030203819274902]","[False, True, False]",False,True,True
1,8,3,0.23122692108154297,"[1.2913721799850464, 1.1121094226837158, 0.9929136037826538]","[False, False, False]",False,False,False
1,9,0,1.225438117980957,"[1.1583861112594604, 0.9586136937141418, 0.14288994669914246]","[False, False, True]",False,True,False
1,10,1,0.35973072052001953,"[9.064981460571289, 7.221507549285889, 11.63156795501709]","[True, True, True]",True,True,True
1,11,3,0.07167911529541016,"[0.8844778537750244, 0.9937427043914795, 1.6910704374313354]","[False, True, False]",False,False,True
1,12,3,0.03336524963378906,"[1.0141732692718506, 1.2631415128707886, 0.8020059466362]","[False, True, False]",True,False,False
1,13,3,0.1313190460205078,"[1.0931012630462646, 1.2426544427871704, 1.3290988206863403]","[False, True, False]",False,False,False
1,14,3,0.25209808349609375,"[0.9711704850196838, 1.0073434114456177, 1.3918284177780151]","[False, False, False]",False,False,False
1,15,3,0.1956195831298828,"[1.1731523275375366, 1.0293904542922974, 1.18584406375885]","[False, False, False]",False,False,False
1,16,3,0.3131866455078125,"[1.6399425268173218, 0.6845120191574097, 1.0008620023727417]","[False, False, False]",False,False,False
1,17,0,1.1428508758544922,"[1.0351192951202393, 0.8695116639137268, 0.9454351663589478]","[False, True, False]",False,True,False
1,18,3,2.3684206008911133,"[1.4302815198898315, 1.4536973237991333, 0.28967317938804626]","[False, False, False]",False,False,False
1,19,0,0.005644798278808594,"[0.9125209450721741, 1.1384947299957275, 1.2483189105987549]","[False, False, True]",True,False,False
1,20,0,0.1238851547241211,"[1.5114940404891968, 0.8867712020874023, 1.1386239528656006]","[False, False, False]",False,False,False
1,21,0,0.21088790893554688,"[0.9270325303077698, 0.9557230472564697, 0.9809402823448181]","[False, False, False]",False,False,False
1,22,3,1.9260406494140625,"[1.2403615713119507, 0.8082295656204224, 1.7694809436798096]","[False, False, False]",False,False,False
1,23,3,0.1643686294555664,"[0.9622687101364136, 1.337665319442749, 1.147094964981079]","[False, False, False]",False,False,False
1,24,0,0.15701866149902344,"[1.0913230180740356, 0.9678571820259094, 1.0812788009643555]","[False, False, False]",False,False,False
1,25,0,0.08869266510009766,"[1.3997677564620972, 0.8589268326759338, 1.047755479812622]","[True, False, False]",True,False,True
1,26,0,0.02621936798095703,"[0.9926145672798157, 1.182706594467163, 1.095360517501831]","[False, True, True]",True,False,False
1,27,3,0.09759330749511719,"[1.1666064262390137, 1.0937559604644775, 0.7400625944137573]","[False, False, False]",False,False,False
1,28,0,0.13943195343017578,"[1.156530737876892, 1.063415288925171, 0.9760362505912781]","[False, False, False]",False,False,False
1,29,0,0.06705236434936523,"[1.5074827671051025, 1.571768045425415, 0.6565877795219421]","[True, True, False]",True,False,True
1,30,0,1.225438117980957,"[0.9586136937141418, 1.1583861112594604, 0.14288994669914246]","[False, False, True]",False,True,False
1,31,3,0.12611007690429688,"[1.2346489429473877, 0.8177947402000427, 0.990746021270752]","[True, False, False]",True,False,False
1,32,3,0.36516380310058594,"[0.6025864481925964, 1.797729253768921, 0.9915745258331299]","[False, False, False]",False,False,False
1,33,3,0.07273101806640625,"[1.0585806369781494, 0.992179811000824, 1.3142086267471313]","[True, False, False]",False,False,False
1,34,3,0.8638601303100586,"[0.5401799082756042, 0.9478583931922913, 1.2989860773086548]","[False, False, True]",True,False,False
1,35,3,1.4966020584106445,"[0.9645781517028809, 0.6158896088600159, 1.2066771984100342]","[False, False, False]",False,False,False
1,36,3,0.21659183502197266,"[1.0256556272506714, 0.9402245879173279, 0.7001710534095764]","[False, False, False]",False,False,False
1,37,3,0.011335372924804688,"[1.0544761419296265, 1.4998234510421753, 0.9106115698814392]","[False, True, False]",True,False,False
1,38,0,1.0742864608764648,"[0.8157327175140381, 1.0923482179641724, 1.2067711353302002]","[False, False, False]",False,False,False
1,39,3,0.13394451141357422,"[1.0320435762405396, 0.9846696853637695, 0.8732326626777649]","[True, False, False]",True,False,False
1,40,3,2.5726394653320312,"[1.0223866701126099, 0.9008368849754333, 0.74806147813797]","[False, False, False]",False,False,False
1,41,3,0.10939788818359375,"[1.047864317893982, 1.0081310272216797, 1.1863534450531006]","[False, False, False]",False,False,False
1,42,3,0.08190727233886719,"[0.843332827091217, 0.9225303530693054, 1.0892086029052734]","[False, False, True]",True,False,False
1,43,0,0.07451534271240234,"[0.8829832673072815, 1.8054941892623901, 1.2209773063659668]","[False, True, False]",True,False,True
1,44,0,0.20344161987304688,"[1.1704063415527344, 0.8096114993095398, 1.1179994344711304]","[False, False, False]",False,False,False
1,45,0,0.15662574768066406,"[1.1716676950454712, 1.3246698379516602, 0.8295902013778687]","[True, False, False]",False,False,False
1,46,3,0.08335399627685547,"[0.9083713889122009, 1.0351351499557495, 1.3051785230636597]","[False, True, False]",False,False,True
1,47,3,0.26332664489746094,"[1.003669023513794, 1.033673882484436, 1.086520791053772]","[False, False, False]",False,False,False
1,48,3,0.22296142578125,"[0.8169054985046387, 1.0888036489486694, 1.0014920234680176]","[False, False, False]",False,False,False
1,49,3,0.07167911529541016,"[0.8844778537750244, 0.9937427043914795, 1.6910704374313354]","[False, True, False]",False,False,False
1,50,3,0.11739444732666016,"[1.0701429843902588, 1.0072201490402222, 1.1241778135299683]","[True, False, False]",False,False,True
1,51,3,1.1223382949829102,"[1.227785587310791, 1.0962337255477905, 0.5119664669036865]","[False, False, True]",False,True,True
1,52,3,0.06305313110351562,"[1.0123567581176758, 0.97496098279953, 0.9915708303451538]","[True, True, False]",True,True,False
1,53,3,0.2469501495361328,"[1.1666816473007202, 1.0749315023422241, 1.1846904754638672]","[False, False, False]",False,False,False
1,54,3,0.11215400695800781,"[1.0005075931549072, 0.8065119981765747, 1.251946210861206]","[False, False, False]",False,False,False
1,55,0,1.0543136596679688,"[1.2536441087722778, 0.9040349721908569, 0.9344919323921204]","[True, False, False]",True,False,False
1,56,0,0.023868560791015625,"[1.287703275680542, 1.0279157161712646, 0.938401460647583]","[False, False, False]",False,False,False
1,57,0,2.8890299797058105,"[1.8640224933624268, 1.6665120124816895, 1.9013171195983887]","[False, True, False]",False,True,False
1,58,0,0.16716766357421875,"[0.9761867523193359, 1.336816430091858, 1.8362199068069458]","[False, True, False]",False,False,True
1,59,0,0.05618572235107422,"[0.8806840181350708, 0.9491998553276062, 0.760761559009552]","[False, False, False]",False,False,False
1,60,1,0.08681488037109375,"[5.512673377990723, 10.223600387573242, 9.891036987304688]","[True, True, True]",True,True,True
1,61,3,0.03492164611816406,"[0.8218215703964233, 1.2724783420562744, 1.2155002355575562]","[False, True, True]",True,False,True
1,62,3,0.1605091094970703,"[1.3099088668823242, 0.9166480898857117, 1.0181975364685059]","[False, False, False]",False,False,False
1,63,3,0.047003746032714844,"[1.785879135131836, 1.1677299737930298, 1.0879427194595337]","[True, True, True]",True,True,True
1,64,3,0.10385608673095703,"[1.501407265663147, 0.9549679160118103, 0.7941281795501709]","[True, False, False]",True,False,True
1,65,3,0.2469501495361328,"[1.0749315023422241, 1.1846904754638672, 1.1666816473007202]","[False, False, False]",False,False,False
1,66,3,0.009490013122558594,"[0.8306783437728882, 1.0350821018218994, 0.9395719170570374]","[True, False, True]",False,True,False
1,67,0,0.1549062728881836,"[0.9153105616569519, 0.8678378462791443, 1.5391411781311035]","[False, False, False]",False,False,False
1,68,3,0.20180606842041016,"[0.8751704692840576, 0.7677151560783386, 1.4404884576797485]","[False, False, False]",False,False,False
1,69,3,0.24540328979492188,"[0.7386906147003174, 1.029543161392212, 0.8606641888618469]","[False, False, False]",False,False,False
1,70,3,0.07438087463378906,"[0.8711471557617188, 1.2839833498001099, 0.865452229976654]","[False, True, True]",True,True,True
1,71,0,1.5159673690795898,"[1.2160452604293823, 0.8040353059768677, 0.5889375805854797]","[False, False, True]",False,True,True
1,72,3,0.029043197631835938,"[1.1496267318725586, 1.0520137548446655, 1.6280982494354248]","[False, True, True]",True,True,False
1,73,3,0.2760486602783203,"[1.8073128461837769, 0.6071305871009827, 0.5887615084648132]","[False, False, False]",False,False,False
1,74,3,0.055718421936035156,"[0.7859309911727905, 0.8266839385032654, 1.0586841106414795]","[False, False, True]",True,False,False
1,75,3,2.424020767211914,"[0.3725048899650574, 2.107551097869873, 1.1929993629455566]","[False, False, False]",False,False,False
1,76,3,0.28791332244873047,"[1.05128812789917, 1.4204559326171875, 1.577160358428955]","[False, False, False]",False,False,False
1,77,3,0.26393985748291016,"[1.0298134088516235, 0.9482395052909851, 0.899182915687561]","[False, False, False]",False,False,False
1,78,3,0.004874229431152344,"[1.2201182842254639, 0.9517606496810913, 0.9144956469535828]","[True, False, True]",True,True,True
1,79,3,0.024596214294433594,"[1.2621335983276367, 0.9557741284370422, 0.9574019908905029]","[False, False, True]",False,False,False
1,80,3,1.6240148544311523,"[1.5648421049118042, 1.0859967470169067, 0.4857046604156494]","[False, False, True]",False,True,False
1,81,3,1.0781221389770508,"[1.1717995405197144, 1.192988395690918, 1.563602089881897]","[True, False, False]",False,True,False
1,82,0,0.49947357177734375,"[1.060762643814087, 0.9288937449455261, 1.2322990894317627]","[True, False, False]",False,False,False
1,83,0,1.277998924255371,"[1.128635048866272, 0.24830272793769836, 1.1383776664733887]","[False, False, False]",False,False,False
1,84,3,0.03526782989501953,"[1.3713715076446533, 0.8427048921585083, 0.9770125150680542]","[False, False, True]",False,False,False
1,85,0,0.17249107360839844,"[1.0215729475021362, 1.007874846458435, 0.9357616305351257]","[False, False, False]",False,False,False
1,86,0,2.045961380004883,"[0.9813262224197388, 0.556974470615387, 1.0690410137176514]","[False, False, True]",True,False,False
1,87,3,0.23122692108154297,"[1.2913721799850464, 1.1121094226837158, 0.9929136037826538]","[False, False, False]",False,False,False
1,88,3,0.03380298614501953,"[0.8352953791618347, 1.0431592464447021, 1.5671203136444092]","[False, True, False]",False,False,False
1,89,0,2.813551902770996,"[1.7870389223098755, 0.6175094842910767, 2.5064353942871094]","[False, True, False]",False,True,False
1,90,3,0.07663536071777344,"[1.479178786277771, 0.8829712271690369, 0.7434982657432556]","[False, False, False]",False,False,False
1,91,3,0.29169750213623047,"[1.2048848867416382, 1.0374301671981812, 1.0799453258514404]","[False, False, False]",False,False,False
1,92,0,0.11737823486328125,"[1.1049607992172241, 1.0749995708465576, 0.985095739364624]","[True, True, False]",True,False,True
1,93,3,1.2991085052490234,"[1.1339409351348877, 0.9935346841812134, 0.5955275893211365]","[False, False, True]",False,True,False
1,94,0,1.319814682006836,"[0.5949153900146484, 0.7803633809089661, 1.1539154052734375]","[False, False, False]",False,False,False
1,95,3,1.7597742080688477,"[0.8116771578788757, 0.6655885577201843, 0.604149580001831]","[True, False, False]",True,False,True
1,96,0,0.049015045166015625,"[1.1986823081970215, 0.86992347240448, 0.9765871167182922]","[True, False, False]",True,False,True
1,97,0,0.08597087860107422,"[1.130089282989502, 1.1208398342132568, 0.9288682341575623]","[False, False, False]",False,False,False
1,98,3,0.18813419342041016,"[1.1331522464752197, 1.0986404418945312, 1.2317237854003906]","[True, False, False]",False,False,True
1,99,3,0.19734859466552734,"[1.2878657579421997, 1.4112409353256226, 0.969977080821991]","[True, False, False]",False,False,False
2,0,3,0.013608932495117188,"[1.0051578283309937, 0.9429270625114441, 1.4423582553863525]","[False, True, True]",True,True,False
2,1,0,0.030614852905273438,"[1.0412282943725586, 0.9833627343177795, 1.170326828956604]","[False, False, False]",False,False,False
2,2,0,0.16061115264892578,"[1.601982831954956, 0.9058811068534851, 1.125474214553833]","[False, False, False]",False,False,False
2,3,0,0.7565765380859375,"[1.7037692070007324, 0.6060139536857605, 1.6337271928787231]","[False, False, False]",False,False,False
2,4,0,0.17191600799560547,"[1.2322334051132202, 0.9604309797286987, 1.0470597743988037]","[False, False, False]",False,False,False
2,5,3,0.8396768569946289,"[1.2741022109985352, 0.9049386382102966, 1.0424686670303345]","[True, True, False]",True,True,True
2,6,0,0.2683582305908203,"[1.0999317169189453, 1.0079329013824463, 0.9432293772697449]","[False, False, False]",False,False,False
2,7,0,0.1259918212890625,"[1.0333552360534668, 1.1248588562011719, 1.2143712043762207]","[False, False, False]",False,False,False
2,8,0,0.09327316284179688,"[1.1576546430587769, 0.958665132522583, 1.0911486148834229]","[False, False, False]",False,False,False
2,9,0,0.3324432373046875,"[0.13829544186592102, 0.9755625128746033, 0.050826579332351685]","[False, False, False]",False,False,False
2,10,0,0.2683582305908203,"[1.0079329013824463, 1.0999317169189453, 0.9432293772697449]","[False, False, False]",False,False,False
2,11,0,1.3764915466308594,"[1.2266861200332642, 0.8619236946105957, 1.7192108631134033]","[False, False, False]",False,False,False
2,12,0,0.1526050567626953,"[1.5086208581924438, 1.141358494758606, 0.6529564261436462]","[False, False, False]",False,False,False
2,13,0,0.07324981689453125,"[0.9724528193473816, 0.6746582388877869, 0.5447219610214233]","[False, False, False]",False,False,False
2,14,3,0.071563720703125,"[1.2297139167785645, 1.4167624711990356, 1.1794627904891968]","[True, True, False]",True,False,True
2,15,0,0.17424488067626953,"[1.0529474020004272, 0.6995391249656677, 1.1003116369247437]","[False, False, False]",False,False,False
2,16,1,0.43134498596191406,"[6.606170177459717, 4.938449382781982, 7.014168739318848]","[True, True, True]",True,True,True
2,17,0,1.0857114791870117,"[0.8106546998023987, 0.8499910235404968, 1.7963504791259766]","[False, False, False]",False,False,False
2,18,3,0.8929500579833984,"[0.7654622197151184, 0.7272235751152039, 1.2971423864364624]","[False, False, True]",True,False,False
2,19,3,1.1282377243041992,"[1.0662504434585571, 0.7685168981552124, 1.6013234853744507]","[False, False, False]",False,False,False
2,20,3,1.2185163497924805,"[0.620635986328125, 0.8851801156997681, 1.5458250045776367]","[False, False, True]",True,False,True
2,21,0,0.09279727935791016,"[1.0282303094863892, 1.0556533336639404, 1.2682552337646484]","[False, False, False]",False,False,False
2,22,0,0.13012123107910156,"[1.8065533638000488, 1.2404152154922485, 0.9566205739974976]","[False, False, False]",False,False,False
2,23,3,0.07953453063964844,"[1.4715849161148071, 0.9213960766792297, 0.9782994389533997]","[True, True, False]",True,True,True
2,24,0,1.1239633560180664,"[1.6944743394851685, 0.8573615550994873, 0.8671247959136963]","[False, False, False]",False,False,False
2,25,0,0.7444972991943359,"[0.95106440782547, 0.9919729828834534, 1.9474037885665894]","[False, False, False]",False,False,False
2,26,3,0.8623170852661133,"[0.6728673577308655, 0.8073037266731262, 1.5526134967803955]","[False, False, True]",True,False,False
2,27,0,0.06293869018554688,"[1.0358458757400513, 1.076596736907959, 0.8849493265151978]","[False, False, False]",False,False,False
2,28,0,0.12006378173828125,"[0.8387745022773743, 1.0748454332351685, 1.1171810626983643]","[False, False, False]",False,False,False
2,29,0,0.7266082763671875,"[0.5829388499259949, 1.084556221961975, 1.682463526725769]","[False, False, False]",False,False,False
2,30,0,0.5226230621337891,"[1.0289684534072876, 1.062175989151001, 1.2722282409667969]","[False, False, False]",False,False,False
2,31,0,0.10974693298339844,"[1.2058258056640625, 0.9368123412132263, 1.2144652605056763]","[False, False, False]",False,False,False
2,32,0,0.07866096496582031,"[0.857598602771759, 1.1714600324630737, 0.8257537484169006]","[True, False, False]",False,False,False
2,33,0,0.02316570281982422,"[0.7693669199943542, 0.9837880730628967, 0.6748473644256592]","[False, False, False]",False,False,False
2,34,0,0.2014293670654297,"[1.0603156089782715, 1.0202453136444092, 0.8096697330474854]","[False, False, False]",False,False,False
2,35,0,0.09636974334716797,"[0.8710101842880249, 0.7143454551696777, 1.0167162418365479]","[False, False, False]",False,False,False
2,36,0,0.5034952163696289,"[1.1983994245529175, 1.1351110935211182, 1.0724987983703613]","[False, False, False]",False,False,False
2,37,3,0.09669876098632812,"[1.1308684349060059, 1.2851386070251465, 1.0986443758010864]","[True, False, True]",False,True,True
2,38,0,0.16898441314697266,"[1.286908507347107, 1.266413927078247, 0.9056540727615356]","[False, False, False]",False,False,False
2,39,0,0.025045394897460938,"[1.0377938747406006, 1.047080159187317, 1.040526270866394]","[False, False, False]",False,False,False
2,40,0,0.1980123519897461,"[0.8662214875221252, 0.969674289226532, 1.0367282629013062]","[False, False, False]",False,False,False
2,41,0,0.0663919448852539,"[0.767020583152771, 1.1836405992507935, 1.057795763015747]","[False, False, False]",False,False,False
2,42,0,0.0663919448852539,"[1.057795763015747, 0.767020583152771, 1.1836405992507935]","[False, False, False]",False,False,False
2,43,0,0.17847442626953125,"[1.2364044189453125, 1.009958028793335, 0.9194002151489258]","[False, False, False]",False,False,False
2,44,3,0.0814199447631836,"[1.3015960454940796, 1.0787441730499268, 1.0019904375076294]","[True, True, False]",True,False,True
2,45,0,0.09107780456542969,"[0.7843265533447266, 1.354529857635498, 1.072404384613037]","[False, False, False]",False,False,False
2,46,0,0.12176513671875,"[1.1473383903503418, 1.271838903427124, 0.7802190184593201]","[False, False, False]",False,False,False
2,47,3,0.021146774291992188,"[0.9721970558166504, 1.2010135650634766, 1.3309946060180664]","[False, True, True]",True,False,False
2,48,0,0.19110393524169922,"[1.6478203535079956, 0.6982916593551636, 0.892014741897583]","[False, False, False]",False,False,False
2,49,0,0.6494483947753906,"[1.103206992149353, 0.8578477501869202, 1.7500534057617188]","[False, False, False]",False,False,False
2,50,3,0.841710090637207,"[1.3845772743225098, 0.9801364541053772, 0.9533969163894653]","[True, False, False]",True,False,False
2,51,0,0.2864542007446289,"[1.090592622756958, 0.9748271107673645, 0.8796184062957764]","[False, False, False]",False,False,False
2,52,3,0.8395853042602539,"[0.8510395884513855, 1.574272632598877, 0.6166947484016418]","[False, True, False]",True,False,True
2,53,3,1.3100967407226562,"[0.8875773549079895, 1.3756673336029053, 0.9771192073822021]","[False, True, False]",True,False,False
2,54,3,0.8740291595458984,"[1.4889719486236572, 0.7608196139335632, 0.7131326794624329]","[True, False, False]",True,False,False
2,55,0,0.0214691162109375,"[1.134305715560913, 1.1801613569259644, 1.0901095867156982]","[False, False, True]",False,True,False
2,56,0,0.1607036590576172,"[0.9389181137084961, 1.2182836532592773, 1.0333638191223145]","[False, False, False]",False,False,False
2,57,3,0.02384471893310547,"[0.9965375065803528, 0.8861562609672546, 1.2542105913162231]","[True, False, True]",True,False,True
2,58,0,0.13817977905273438,"[1.1353918313980103, 1.0200741291046143, 1.272412896156311]","[False, False, False]",False,False,False
2,59,0,0.18665599822998047,"[0.9621748328208923, 1.6104066371917725, 0.8828166723251343]","[False, False, False]",False,False,False
2,60,0,0.1419382095336914,"[1.0835399627685547, 1.092966079711914, 0.9011080861091614]","[False, False, False]",False,False,False
2,61,0,0.0635671615600586,"[1.1497266292572021, 0.9427521228790283, 0.9570574760437012]","[False, False, False]",False,False,False
2,62,0,0.07520198822021484,"[1.0921049118041992, 1.3462576866149902, 0.9974550008773804]","[False, False, False]",False,False,False
2,63,0,0.1270751953125,"[0.7611901164054871, 0.9846658110618591, 0.8947268128395081]","[False, False, False]",False,False,False
2,64,0,0.1616811752319336,"[0.7880626320838928, 0.9841222167015076, 1.1538610458374023]","[False, False, False]",False,False,False
2,65,3,0.03233814239501953,"[0.4008774757385254, 0.09273264557123184, 1.0327346324920654]","[False, True, True]",True,True,True
2,66,0,0.16915130615234375,"[0.8085325360298157, 0.7862046957015991, 1.02721107006073]","[False, False, False]",False,False,False
2,67,0,0.1314525604248047,"[1.0857024192810059, 1.922210931777954, 0.574204683303833]","[False, False, False]",False,False,False
2,68,0,0.2982454299926758,"[1.172442078590393, 1.1322872638702393, 1.0584603548049927]","[False, False, False]",False,False,False
2,69,3,0.8701324462890625,"[1.4949290752410889, 1.0913339853286743, 0.8261327147483826]","[False, True, False]",False,False,False
2,70,0,0.17808151245117188,"[1.1472246646881104, 1.1443634033203125, 1.2195912599563599]","[False, False, False]",False,False,False
2,71,0,0.011014938354492188,"[1.0621331930160522, 1.2079665660858154, 0.9316738247871399]","[False, False, True]",False,True,True
2,72,3,0.08073806762695312,"[0.9020324349403381, 1.1989376544952393, 1.3541450500488281]","[True, True, True]",True,True,True
2,73,0,0.03931617736816406,"[0.9353190064430237, 1.0595717430114746, 0.9608052372932434]","[False, False, False]",False,False,False
2,74,3,0.7343530654907227,"[1.318649172782898, 1.430882453918457, 0.7817801237106323]","[False, True, False]",True,False,False
2,75,0,1.4124088287353516,"[0.8798779845237732, 0.7402380704879761, 1.650285005569458]","[False, False, False]",False,False,False
2,76,0,0.07991409301757812,"[1.216994047164917, 0.9754834175109863, 1.2474806308746338]","[False, False, False]",False,False,False
2,77,0,0.16037559509277344,"[0.9627059102058411, 0.7616800665855408, 1.1133688688278198]","[False, False, False]",False,False,False
2,78,0,0.3755960464477539,"[0.9220311045646667, 1.182098627090454, 1.173988938331604]","[False, False, False]",False,False,False
2,79,3,0.05686187744140625,"[1.1941436529159546, 1.2531241178512573, 0.9057552218437195]","[True, True, False]",True,False,True
2,80,0,0.21557998657226562,"[0.2654014229774475, 0.1081894263625145, 0.8892877697944641]","[False, False, False]",False,False,False
2,81,3,1.2372674942016602,"[0.9032266736030579, 0.7753176689147949, 1.6076997518539429]","[False, False, True]",True,False,True
2,82,0,0.26186084747314453,"[0.7587403655052185, 1.1109659671783447, 1.067803978919983]","[False, False, False]",False,False,False
2,83,0,0.060031890869140625,"[1.9867870807647705, 1.0246530771255493, 0.6416904926300049]","[False, False, False]",False,False,False
2,84,0,0.21918678283691406,"[0.01150252390652895, 0.34796664118766785, 0.907377302646637]","[False, False, False]",False,False,False
2,85,3,0.10309219360351562,"[1.3451536893844604, 1.1603193283081055, 1.3469698429107666]","[False, True, False]",False,True,False
2,86,3,0.8397197723388672,"[0.7002893686294556, 1.557704210281372, 1.0729109048843384]","[False, True, False]",True,False,False
2,87,0,0.6751165390014648,"[1.5951868295669556, 0.9182024598121643, 1.7026845216751099]","[False, False, False]",False,False,False
2,88,0,0.1279125213623047,"[1.0319401025772095, 1.2005378007888794, 1.3550353050231934]","[False, False, False]",False,False,False
2,89,0,0.6234626770019531,"[0.8202397227287292, 0.9029940962791443, 1.5974247455596924]","[False, False, False]",False,False,False
2,90,0,0.5226230621337891,"[1.0289684534072876, 1.062175989151001, 1.2722282409667969]","[False, False, False]",False,False,False
2,91,0,0.09665584564208984,"[0.9957857131958008, 1.2527642250061035, 1.2865935564041138]","[False, False, False]",False,False,False
2,92,3,0.017568588256835938,"[1.2205595970153809, 0.7844662070274353, 1.275944709777832]","[True, True, True]",True,True,True
2,93,0,0.13127517700195312,"[0.6799299120903015, 1.188058614730835, 1.1761094331741333]","[False, False, False]",False,False,False
2,94,0,0.034501075744628906,"[1.0998796224594116, 1.0989103317260742, 0.8558252453804016]","[False, False, False]",False,False,False
2,95,0,0.2931528091430664,"[1.1512107849121094, 1.1640918254852295, 0.853236734867096]","[False, False, False]",False,False,False
2,96,0,0.16094398498535156,"[0.9485116004943848, 0.8777213096618652, 1.3645769357681274]","[False, False, False]",False,False,False
2,97,0,0.2931528091430664,"[1.1640918254852295, 1.1512107849121094, 0.853236734867096]","[False, False, False]",False,False,False
2,98,0,0.09935379028320312,"[0.9539691805839539, 0.9542490243911743, 1.0828639268875122]","[False, False, False]",False,False,False
2,99,0,0.09636878967285156,"[1.0676770210266113, 0.9461546540260315, 1.442611575126648]","[False, False, False]",False,False,False
